"_id__$oid","total","cycle","state_full","state","candidate_id","count"
"60ad40f39bac61a042766414","415.71","2014","Kansas","KS","H0KS01123","4"
"60ad40f39bac61a042766415","75.0","2016","Kansas","KS","H0KS01123","1"
"60ad40f39bac61a042766416","2800.0","2020","Arkansas","AR","H0KS01123","1"
"60ad40f39bac61a042766417","11200.0","2020","Arizona","AZ","H0KS01123","4"
"60ad40f39bac61a042766418","13770.2","2020","California","CA","H0KS01123","16"
"60ad40f39bac61a042766419","750.0","2020","Colorado","CO","H0KS01123","4"
"60ad40f39bac61a04276641a","1750.0","2020","District Of Columbia","DC","H0KS01123","4"
"60ad40f39bac61a04276641b","3050.0","2020","Florida","FL","H0KS01123","2"
"60ad40f39bac61a04276641c","475.0","2020","Georgia","GA","H0KS01123","2"
"60ad40f39bac61a04276641d","251.0","2020","Illinois","IL","H0KS01123","1"
"60ad40f39bac61a04276641e","904158.16","2020","Kansas","KS","H0KS01123","750"
"60ad40f39bac61a04276641f","2100.0","2020","Maryland","MD","H0KS01123","4"
"60ad40f39bac61a042766420","500.0","2020","Michigan","MI","H0KS01123","1"
"60ad40f39bac61a042766421","1000.0","2020","Minnesota","MN","H0KS01123","1"
"60ad40f39bac61a042766422","49200.0","2020","Missouri","MO","H0KS01123","47"
"60ad40f39bac61a042766423","5600.0","2020","North Dakota","ND","H0KS01123","4"
"60ad40f39bac61a042766424","2800.0","2020","Nebraska","NE","H0KS01123","1"
"60ad40f39bac61a042766425","1500.0","2020","Oklahoma","OK","H0KS01123","3"
"60ad40f39bac61a042766426","250.0","2020","Oregon","OR","H0KS01123","1"
"60ad40f39bac61a042766427","250.0","2020","Tennessee","TN","H0KS01123","1"
"60ad40f49bac61a042766428","18250.0","2020","Texas","TX","H0KS01123","17"
"60ad40f49bac61a042766429","13650.0","2020","Virginia","VA","H0KS01123","11"
"60ad40f49bac61a04276642a","500.0","2020","Wyoming","WY","H0KS01123","1"
"60ad40f49bac61a04276642b","2800.0","2020","Alabama","AL","H0KS02188","1"
"60ad40f49bac61a04276642c","2000.0","2020","Arkansas","AR","H0KS02188","3"
"60ad40f49bac61a04276642d","7115.0","2020","Arizona","AZ","H0KS02188","7"
"60ad40f49bac61a04276642e","10400.0","2020","California","CA","H0KS02188","10"
"60ad40f49bac61a04276642f","750.0","2020","Colorado","CO","H0KS02188","2"
"60ad40f49bac61a042766430","3800.0","2020","Connecticut","CT","H0KS02188","2"
"60ad40f49bac61a042766431","6600.0","2020","District Of Columbia","DC","H0KS02188","5"
"60ad40f49bac61a042766432","16000.0","2020","Florida","FL","H0KS02188","9"
"60ad40f49bac61a042766433","5600.0","2020","Idaho","ID","H0KS02188","2"
"60ad40f49bac61a042766434","13450.0","2020","Illinois","IL","H0KS02188","9"
"60ad40f49bac61a042766435","1000.0","2020","Indiana","IN","H0KS02188","1"
"60ad40f49bac61a042766436","1017346.67","2020","Kansas","KS","H0KS02188","930"
"60ad40f49bac61a042766437","500.0","2020","Kentucky","KY","H0KS02188","1"
"60ad40f49bac61a042766438","2800.0","2020","Louisiana","LA","H0KS02188","1"
"60ad40f49bac61a042766439","6100.0","2020","Massachusetts","MA","H0KS02188","3"
"60ad40f49bac61a04276643a","3000.0","2020","Maryland","MD","H0KS02188","3"
"60ad40f49bac61a04276643b","500.0","2020","Michigan","MI","H0KS02188","1"
"60ad40f49bac61a04276643c","500.0","2020","Wyoming","WY","H0KS02188","1"
"60ad40f49bac61a04276643d","39250.0","2014","Maryland","MD","S0MO00183","28"
"60ad40f49bac61a04276643e","343823.0","2016","California","CA","S0MO00183","292"
"60ad40f49bac61a04276643f","20950.0","2018","Virginia","VA","S0KS00091","27"
"60ad40f49bac61a042766440","1500.0","2014","Iowa","IA","S0KS00091","2"
"60ad40f49bac61a042766441","123583.34","2018","Arizona","AZ","S8MO00160","181"
"60ad40f49bac61a042766442","2000.0","2014","New Jersey","NJ","S0KS00091","2"
"60ad40f49bac61a042766443","1400.0","2020","Pennsylvania","PA","S0MO00183","3"
"60ad40f49bac61a042766444","23000.0","2018","Maryland","MD","S0KS00091","15"
"60ad40f49bac61a042766445","2200.0","2020","Kentucky","KY","S0MO00183","6"
"60ad40f49bac61a042766446","2455220.99","2020","Kansas","KS","S0KS00315","3141"
"60ad40f49bac61a042766447","8200.0","2014","Arizona","AZ","S0KS00091","6"
"60ad40f49bac61a042766448","20847.5","2020","New Jersey","NJ","H8KS03155","50"
"60ad40f49bac61a042766449","163952.5","2020","Missouri","MO","S0KS00315","183"
"60ad40f49bac61a04276644a","44300.0","2018","Oklahoma","OK","S0MO00183","29"
"60ad40f49bac61a04276644b","1000.0","2020","Minnesota","MN","H0KS01123","1"
"60ad40f49bac61a04276644c","4000.0","2018","Arkansas","AR","S0MO00183","4"
"60ad40f49bac61a04276644d","33300.0","2020","Florida","FL","S0KS00091","23"
"60ad40f49bac61a04276644e","1000.0","2020","Connecticut","CT","S0KS00091","1"
"60ad40f49bac61a04276644f","3432.34","2020","Massachusetts","MA","S8MO00160","15"
"60ad40f59bac61a042766450","1000.0","2018","Mississippi","MS","S0MO00183","1"
"60ad40f59bac61a042766451","904158.16","2020","Kansas","KS","H0KS01123","750"
"60ad40f59bac61a042766452","1750.0","2020","District Of Columbia","DC","H0KS01123","4"
"60ad40f59bac61a042766453","11275.65","2020","Pennsylvania","PA","H8KS03155","74"
"60ad40f59bac61a042766454","2700.0","2018","Hawaii","HI","S0MO00183","1"
"60ad40f59bac61a042766455","28772.06","2018","Colorado","CO","H8KS03155","92"
"60ad40f59bac61a042766456","8600.0","2014","New York","NY","S0KS00091","4"
"60ad40f59bac61a042766457","4301.66","2020","North Carolina","NC","H8KS03155","16"
"60ad40f59bac61a042766458","73686.32","2020","Missouri","MO","H0KS02188","52"
"60ad40f59bac61a042766459","10800.0","2018","Kentucky","KY","H8KS03155","4"
"60ad40f59bac61a04276645a","3200.0","2020","South Dakota","SD","S0KS00091","4"
"60ad40f59bac61a04276645b","2500.0","2014","Iowa","IA","S0MO00183","3"
"60ad40f59bac61a04276645c","21450.0","2020","Colorado","CO","S0KS00091","12"
"60ad40f59bac61a04276645d","2520.0","2018","Connecticut","CT","S0KS00091","3"
"60ad40f59bac61a04276645e","750.0","2020","Colorado","CO","H0KS02188","2"
"60ad40f59bac61a04276645f","54922.0","2018","Massachusetts","MA","S8MO00160","104"
"60ad40f59bac61a042766460","6300.0","2020","Hawaii","HI","S0KS00315","4"
"60ad40f59bac61a042766461","11700.0","2020","Alabama","AL","S0MO00183","5"
"60ad40f59bac61a042766462","7650.0","2018","Rhode Island","RI","S8MO00160","5"
"60ad40f59bac61a042766463","2500.0","2014","Arizona","AZ","S0MO00183","3"
"60ad40f59bac61a042766464","2800.0","2020","Alabama","AL","H0KS02188","1"
"60ad40f59bac61a042766465","617532.45","2018","Kansas","KS","H8KS03155","2989"
"60ad40f59bac61a042766466","1000.0","2018","Iowa","IA","H8KS03155","3"
"60ad40f59bac61a042766467","794.53","2018","Alaska","AK","H8KS03155","5"
"60ad40f59bac61a042766468","68731.6","2020","Maryland","MD","H8KS03155","186"
"60ad40f59bac61a042766469","54170.0","2020","California","CA","S0MO00183","58"
"60ad40f59bac61a04276646a","90268.0","2016","Florida","FL","S0KS00091","83"
"60ad40f59bac61a04276646b","3747484.66","2018","Missouri","MO","S8MO00160","4835"
"60ad40f59bac61a04276646c","14150.0","2020","Georgia","GA","S0KS00091","7"
"60ad40f59bac61a04276646d","18390.0","2020","Nevada","NV","S0KS00315","29"
"60ad40f59bac61a04276646e","12200.0","2016","Wisconsin","WI","S0MO00183","18"
"60ad40f59bac61a04276646f","11112.5","2020","Wyoming","WY","S0KS00315","7"
"60ad40f59bac61a042766470","24200.0","2018","Oklahoma","OK","S0KS00091","11"
"60ad40f59bac61a042766471","7000.0","2018","Florida","FL","S0KS00091","6"
"60ad40f59bac61a042766472","18000.0","2020","Ohio","OH","H0KS02188","8"
"60ad40f59bac61a042766473","35665.0","2020","Illinois","IL","S0MO00183","41"
"60ad40f59bac61a042766474","335050.1","2018","Missouri","MO","S0MO00183","519"
"60ad40f59bac61a042766475","1600.0","2020","Minnesota","MN","S0KS00091","5"
"60ad40f59bac61a042766476","2800.0","2020","Nevada","NV","S0KS00091","1"
"60ad40f59bac61a042766477","93775.78","2018","Nevada","NV","S8MO00160","107"
"60ad40f59bac61a042766478","300.0","2016","New Mexico","NM","S0KS00091","1"
"60ad40f59bac61a042766479","24223.33","2020","Oregon","OR","H8KS03155","59"
"60ad40f59bac61a04276647a","196178.8","2020","District Of Columbia","DC","H8KS03155","468"
"60ad40f59bac61a04276647b","1870.0","2020","Arkansas","AR","H8KS03155","30"
"60ad40f59bac61a04276647c","566.67","2020","Wyoming","WY","S8MO00160","7"
"60ad40f59bac61a04276647d","6785.0","2020","Colorado","CO","S8MO00160","33"
"60ad40f59bac61a04276647e","16200.0","2020","North Carolina","NC","S0KS00091","6"
"60ad40f59bac61a04276647f","1500.0","2020","Alabama","AL","S0KS00315","3"
"60ad40f59bac61a042766480","3050.0","2020","Washington","WA","S0MO00183","5"
"60ad40f59bac61a042766481","91413.0","2018","Georgia","GA","S8MO00160","125"
"60ad40f59bac61a042766482","2000.0","2014","Washington","WA","S0MO00183","3"
"60ad40f59bac61a042766483","11200.0","2020","Arizona","AZ","H0KS01123","4"
"60ad40f59bac61a042766484","1000.0","2018","Wyoming","WY","S0MO00183","1"
"60ad40f59bac61a042766485","13600.0","2016","South Dakota","SD","S0MO00183","9"
"60ad40f59bac61a042766486","10900.0","2020","Virginia","VA","H0KS02188","8"
"60ad40f59bac61a042766487","1200.0","2016","Minnesota","MN","S0KS00091","5"
"60ad40f59bac61a042766488","13450.0","2020","Illinois","IL","H0KS02188","9"
"60ad40f59bac61a042766489","4800.0","2014","Utah","UT","S0MO00183","8"
"60ad40f59bac61a04276648a","7073.04","2020","Alabama","AL","H8KS03155","4"
"60ad40f59bac61a04276648b","17600.0","2014","Florida","FL","S0MO00183","18"
"60ad40f69bac61a04276648c","38583.36","2014","Oklahoma","OK","S0KS00091","19"
"60ad40f69bac61a04276648d","14840.27","2018","Oregon","OR","H8KS03155","75"
"60ad40f69bac61a04276648e","1642.5","2020","Oregon","OR","S0KS00315","7"
"60ad40f69bac61a04276648f","2000.0","2016","Indiana","IN","S0KS00091","2"
"60ad40f69bac61a042766490","750.0","2020","Louisiana","LA","S0MO00183","11"
"60ad40f69bac61a042766491","1000.0","2016","Iowa","IA","S0KS00091","1"
"60ad40f69bac61a042766492","5873.0","2020","Tennessee","TN","H8KS03155","81"
"60ad40f69bac61a042766493","11775.0","2020","New York","NY","S0KS00091","8"
"60ad40f69bac61a042766494","37950.0","2014","Connecticut","CT","S0MO00183","25"
"60ad40f69bac61a042766495","2575.0","2020","Kentucky","KY","S8MO00160","30"
"60ad40f69bac61a042766496","1000.0","2020","Oklahoma","OK","H0KS02188","8"
"60ad40f69bac61a042766497","645982.18","2020","Missouri","MO","S0MO00183","989"
"60ad40f69bac61a042766498","3000.0","2018","Nebraska","NE","S0KS00091","5"
"60ad40f69bac61a042766499","10481.8","2018","Maine","ME","H8KS03155","8"
"60ad40f69bac61a04276649a","9150.0","2018","North Carolina","NC","H8KS03155","19"
"60ad40f69bac61a04276649b","32875.0","2020","Colorado","CO","S0KS00315","19"
"60ad40f69bac61a04276649c","500.0","2020","Pennsylvania","PA","S0KS00091","1"
"60ad40f69bac61a04276649d","29825.0","2020","Arizona","AZ","H8KS03155","20"
"60ad40f69bac61a04276649e","1500.0","2018","Tennessee","TN","S0MO00183","2"
"60ad40f69bac61a04276649f","10950.0","2014","New Jersey","NJ","S0MO00183","6"
"60ad40f69bac61a0427664a0","2500.0","2014","Mississippi","MS","S0MO00183","2"
"60ad40f69bac61a0427664a1","30675.0","2014","West Virginia","WV","S0MO00183","44"
"60ad40f69bac61a0427664a2","20049.5","2020","Wisconsin","WI","H8KS03155","87"
"60ad40f69bac61a0427664a3","6550.0","2018","Delaware","DE","S8MO00160","8"
"60ad40f69bac61a0427664a4","2175.0","2020","Hawaii","HI","H8KS03155","3"
"60ad40f69bac61a0427664a5","55950.0","2018","District Of Columbia","DC","S0MO00183","53"
"60ad40f69bac61a0427664a6","9630.0","2018","Georgia","GA","H8KS03155","17"
"60ad40f69bac61a0427664a7","76872.5","2020","Virginia","VA","S0MO00183","120"
"60ad40f69bac61a0427664a8","12050.0","2020","Maine","ME","H8KS03155","10"
"60ad40f69bac61a0427664a9","3470.0","2020","New Jersey","NJ","S8MO00160","14"
"60ad40f69bac61a0427664aa","75.0","2016","Kansas","KS","H0KS01123","1"
"60ad40f69bac61a0427664ab","10150.0","2020","District Of Columbia","DC","S8MO00160","19"
"60ad40f69bac61a0427664ac","1250.0","2016","Utah","UT","S0KS00091","3"
"60ad40f69bac61a0427664ad","152896.73","2020","Missouri","MO","H8KS03155","597"
"60ad40f69bac61a0427664ae","500.0","2020","Michigan","MI","H0KS02188","1"
"60ad40f69bac61a0427664af","7000.0","2014","Illinois","IL","S0KS00091","6"
"60ad40f69bac61a0427664b0","21010.0","2018","Mississippi","MS","S8MO00160","40"
"60ad40f69bac61a0427664b1","182406.66","2018","District Of Columbia","DC","S8MO00160","182"
"60ad40f69bac61a0427664b2","425.0","2016","Puerto Rico","PR","S0MO00183","6"
"60ad40f69bac61a0427664b3","36461.0","2018","New Jersey","NJ","S8MO00160","75"
"60ad40f69bac61a0427664b4","235224.66","2016","Maryland","MD","S0MO00183","216"
"60ad40f69bac61a0427664b5","6440.0","2020","Oregon","OR","S8MO00160","39"
"60ad40f69bac61a0427664b6","114075.01","2018","Indiana","IN","S8MO00160","101"
"60ad40f69bac61a0427664b7","666.67","2020","Rhode Island","RI","S8MO00160","2"
"60ad40f69bac61a0427664b8","1250.0","2020","South Carolina","SC","H8KS03155","3"
"60ad40f69bac61a0427664b9","104254.55","2018","Tennessee","TN","S8MO00160","118"
"60ad40f69bac61a0427664ba","4750.0","2020","Idaho","ID","H8KS03155","6"
"60ad40f69bac61a0427664bb","5000.0","2016","U.S. Virgin Islands","VI","S0MO00183","2"
"60ad40f69bac61a0427664bc","10400.0","2020","California","CA","H0KS02188","10"
"60ad40f69bac61a0427664bd","6600.0","2020","District Of Columbia","DC","H0KS02188","5"
"60ad40f69bac61a0427664be","9337.5","2018","Montana","MT","S8MO00160","16"
"60ad40f69bac61a0427664bf","2270.0","2020","South Carolina","SC","S8MO00160","25"
"60ad40f69bac61a0427664c0","750.0","2020","New Hampshire","NH","S8MO00160","14"
"60ad40f69bac61a0427664c1","3500.0","2016","Louisiana","LA","S0KS00091","4"
"60ad40f69bac61a0427664c2","68810.39","2018","Missouri","MO","H8KS03155","251"
"60ad40f69bac61a0427664c3","900.0","2018","Maine","ME","S8MO00160","4"
"60ad40f79bac61a0427664c4","3700.0","2018","Nevada","NV","S0MO00183","3"
"60ad40f79bac61a0427664c5","500.0","2014","South Carolina","SC","S0MO00183","1"
"60ad40f79bac61a0427664c6","8602.2","2014","Maryland","MD","S0KS00091","10"
"60ad40f79bac61a0427664c7","22390.0","2020","Illinois","IL","S8MO00160","60"
"60ad40f79bac61a0427664c8","58155.09","2020","Illinois","IL","H8KS03155","151"
"60ad40f79bac61a0427664c9","9400.0","2020","Tennessee","TN","H0KS02188","4"
"60ad40f79bac61a0427664ca","1450.0","2020","Vermont","VT","H8KS03155","12"
"60ad40f79bac61a0427664cb","6400.0","2016","Ohio","OH","S0KS00091","3"
"60ad40f79bac61a0427664cc","15900.0","2016","Utah","UT","S0MO00183","14"
"60ad40f79bac61a0427664cd","35978.0","2020","District Of Columbia","DC","S0KS00091","40"
"60ad40f79bac61a0427664ce","18550.0","2020","South Carolina","SC","S0MO00183","15"
"60ad40f79bac61a0427664cf","5232.5","2020","Ohio","OH","S8MO00160","37"
"60ad40f79bac61a0427664d0","250.0","2020","Alaska","AK","S0KS00315","1"
"60ad40f79bac61a0427664d1","13650.0","2020","Virginia","VA","H0KS01123","11"
"60ad40f79bac61a0427664d2","26250.0","2020","Connecticut","CT","S0MO00183","15"
"60ad40f79bac61a0427664d3","17200.0","2018","Arizona","AZ","S0KS00091","7"
"60ad40f79bac61a0427664d4","6100.0","2020","Massachusetts","MA","H0KS02188","3"
"60ad40f79bac61a0427664d5","2700.0","2018","U.S. Virgin Islands","VI","S8MO00160","1"
"60ad40f79bac61a0427664d6","8100.0","2018","South Dakota","SD","S0KS00091","3"
"60ad40f79bac61a0427664d7","1410.0","2018","Vermont","VT","H8KS03155","7"
"60ad40f79bac61a0427664d8","5600.0","2020","New York","NY","H0KS02188","2"
"60ad40f79bac61a0427664d9","30950.0","2020","Georgia","GA","S0KS00315","27"
"60ad40f79bac61a0427664da","23700.0","2016","Georgia","GA","S0KS00091","17"
"60ad40f79bac61a0427664db","15700.0","2018","South Dakota","SD","S8MO00160","10"
"60ad40f79bac61a0427664dc","750.0","2020","Alaska","AK","S8MO00160","11"
"60ad40f79bac61a0427664dd","14624.07","2020","New Mexico","NM","H8KS03155","36"
"60ad40f79bac61a0427664de","9400.0","2020","Washington","WA","S0KS00091","6"
"60ad40f79bac61a0427664df","530547.04","2020","California","CA","H8KS03155","1175"
"60ad40f79bac61a0427664e0","114030.6","2016","Missouri","MO","S0KS00091","103"
"60ad40f79bac61a0427664e1","285178.33","2018","New York","NY","S8MO00160","401"
"60ad40f79bac61a0427664e2","36975.0","2020","Connecticut","CT","S0KS00315","31"
"60ad40f79bac61a0427664e3","47850.0","2016","Alabama","AL","S0MO00183","41"
"60ad40f79bac61a0427664e4","4280.0","2020","Alaska","AK","H8KS03155","30"
"60ad40f79bac61a0427664e5","30750.0","2020","Texas","TX","H0KS02188","15"
"60ad40f79bac61a0427664e6","4000.0","2016","Delaware","DE","S0KS00091","3"
"60ad40f79bac61a0427664e7","38487.5","2020","Texas","TX","S0KS00091","36"
"60ad40f79bac61a0427664e8","12250.0","2018","North Carolina","NC","S0MO00183","9"
"60ad40f79bac61a0427664e9","3000.0","2014","Oregon","OR","S0MO00183","2"
"60ad40f79bac61a0427664ea","500.0","2014","New Mexico","NM","S0MO00183","1"
"60ad40f79bac61a0427664eb","1100.0","2014","New Mexico","NM","S0KS00091","2"
"60ad40f79bac61a0427664ec","500.0","2018","Georgia","GA","S0KS00091","1"
"60ad40f79bac61a0427664ed","14532.27","2014","District Of Columbia","DC","S0KS00091","20"
"60ad40f79bac61a0427664ee","48850.0","2020","California","CA","S0KS00091","36"
"60ad40f79bac61a0427664ef","2800.0","2020","Louisiana","LA","H0KS02188","1"
"60ad40f79bac61a0427664f0","1250.0","2018","Iowa","IA","S0MO00183","2"
"60ad40f79bac61a0427664f1","70371.97","2018","Maryland","MD","H8KS03155","152"
"60ad40f79bac61a0427664f2","44988.34","2018","Illinois","IL","H8KS03155","95"
"60ad40f79bac61a0427664f3","22564.71","2018","Missouri","MO","S0KS00091","21"
"60ad40f79bac61a0427664f4","43237.67","2020","Virginia","VA","S8MO00160","207"
"60ad40f79bac61a0427664f5","51723.21","2020","Florida","FL","S8MO00160","233"
"60ad40f79bac61a0427664f6","600.0","2020","Arkansas","AR","S8MO00160","7"
"60ad40f79bac61a0427664f7","3479.41","2018","Ohio","OH","H8KS03155","9"
"60ad40f79bac61a0427664f8","95400.0","2018","North Carolina","NC","S8MO00160","193"
"60ad40f79bac61a0427664f9","5200.0","2020","Massachusetts","MA","S0MO00183","6"
"60ad40f79bac61a0427664fa","2000.0","2020","New Jersey","NJ","S0KS00091","1"
"60ad40f79bac61a0427664fb","64719.0","2020","Missouri","MO","S0KS00091","42"
"60ad40f79bac61a0427664fc","1500.0","2020","North Dakota","ND","S0KS00315","2"
"60ad40f79bac61a0427664fd","2025.0","2020","Mississippi","MS","S8MO00160","4"
"60ad40f79bac61a0427664fe","9630.0","2020","Connecticut","CT","S8MO00160","14"
"60ad40f79bac61a0427664ff","21325.0","2018","Wisconsin","WI","H8KS03155","26"
"60ad40f79bac61a042766500","1600.0","2018","North Dakota","ND","S8MO00160","5"
"60ad40f89bac61a042766501","5450.0","2018","Nevada","NV","H8KS03155","5"
"60ad40f89bac61a042766502","6050.0","2014","Alabama","AL","S0MO00183","7"
"60ad40f89bac61a042766503","20500.0","2016","Maryland","MD","S0KS00091","19"
"60ad40f89bac61a042766504","1000.0","2018","Foreign Countries","ZZ","S8MO00160","1"
"60ad40f89bac61a042766505","1000.0","2018","Armed Forces Europe","AE","S8MO00160","1"
"60ad40f89bac61a042766506","33450.0","2014","Texas","TX","S0KS00091","50"
"60ad40f89bac61a042766507","6650.0","2018","South Dakota","SD","H8KS03155","17"
"60ad40f89bac61a042766508","2575.0","2020","Nevada","NV","S8MO00160","31"
"60ad40f89bac61a042766509","250.0","2014","Kentucky","KY","S0KS00091","1"
"60ad40f89bac61a04276650a","2600.0","2014","Louisiana","LA","S0KS00091","1"
"60ad40f89bac61a04276650b","48526.32","2016","District Of Columbia","DC","S0KS00091","61"
"60ad40f89bac61a04276650c","50.0","2014","Mississippi","MS","S0KS00091","1"
"60ad40f89bac61a04276650d","7115.0","2020","Arizona","AZ","H0KS02188","7"
"60ad40f89bac61a04276650e","53772.09","2020","New York","NY","S8MO00160","149"
"60ad40f89bac61a04276650f","4000.0","2014","Nevada","NV","S0MO00183","3"
"60ad40f89bac61a042766510","55575.0","2020","District Of Columbia","DC","S0KS00315","65"
"60ad40f89bac61a042766511","29635.0","2016","Colorado","CO","S0MO00183","36"
"60ad40f89bac61a042766512","150.0","2020","Armed Forces Pacific","AP","H8KS03155","1"
"60ad40f89bac61a042766513","57237.34","2020","Michigan","MI","S0KS00315","73"
"60ad40f89bac61a042766514","17450.0","2018","California","CA","S0MO00183","14"
"60ad40f89bac61a042766515","18250.0","2020","Texas","TX","H0KS01123","17"
"60ad40f89bac61a042766516","2800.0","2020","Vermont","VT","S8MO00160","1"
"60ad40f89bac61a042766517","17450.0","2018","Illinois","IL","S0MO00183","15"
"60ad40f89bac61a042766518","16700.0","2020","Wisconsin","WI","S0KS00315","14"
"60ad40f89bac61a042766519","28400.0","2020","Colorado","CO","S0MO00183","15"
"60ad40f89bac61a04276651a","39500.0","2014","Pennsylvania","PA","S0MO00183","44"
"60ad40f89bac61a04276651b","47500.0","2014","California","CA","S0MO00183","41"
"60ad40f89bac61a04276651c","6500.0","2020","Oklahoma","OK","S0KS00091","10"
"60ad40f89bac61a04276651d","1242107.91","2020","Kansas","KS","H8KS03155","8451"
"60ad40f89bac61a04276651e","687436.88","2018","Texas","TX","S8MO00160","915"
"60ad40f89bac61a04276651f","20050.0","2018","Kansas","KS","S0MO00183","16"
"60ad40f89bac61a042766520","1000.0","2018","Vermont","VT","S0KS00091","1"
"60ad40f89bac61a042766521","30.0","2014","Michigan","MI","S0KS00091","1"
"60ad40f89bac61a042766522","5600.0","2020","North Dakota","ND","H0KS01123","4"
"60ad40f89bac61a042766523","850.0","2018","Armed Forces Pacific","AP","H8KS03155","7"
"60ad40f89bac61a042766524","5500.0","2020","Montana","MT","S0KS00315","3"
"60ad40f89bac61a042766525","1000.0","2020","Minnesota","MN","H0KS02188","1"
"60ad40f89bac61a042766526","3424.1","2020","North Carolina","NC","S8MO00160","50"
"60ad40f89bac61a042766527","112717.0","2018","Pennsylvania","PA","S8MO00160","153"
"60ad40f89bac61a042766528","66600.0","2016","New York","NY","S0KS00091","62"
"60ad40f89bac61a042766529","5900.0","2014","Colorado","CO","S0KS00091","19"
"60ad40f89bac61a04276652a","110.0","2020","West Virginia","WV","H8KS03155","1"
"60ad40f89bac61a04276652b","2950.0","2018","South Carolina","SC","H8KS03155","2"
"60ad40f89bac61a04276652c","26400.0","2020","Minnesota","MN","S0KS00315","10"
"60ad40f89bac61a04276652d","1000.0","2014","Indiana","IN","S0KS00091","1"
"60ad40f89bac61a04276652e","16298.0","2018","Michigan","MI","H8KS03155","31"
"60ad40f89bac61a04276652f","2100.0","2020","Maryland","MD","H0KS01123","4"
"60ad40f89bac61a042766530","41610.0","2018","Texas","TX","S0KS00091","37"
"60ad40f89bac61a042766531","12005.0","2020","Utah","UT","S0KS00315","8"
"60ad40f89bac61a042766532","1017346.67","2020","Kansas","KS","H0KS02188","930"
"60ad40f89bac61a042766533","2200.0","2014","Nebraska","NE","S0KS00091","4"
"60ad40f89bac61a042766534","1700.0","2020","Illinois","IL","S0KS00091","5"
"60ad40f89bac61a042766535","19850.0","2016","Mississippi","MS","S0KS00091","50"
"60ad40f89bac61a042766536","88835.0","2016","Texas","TX","S0KS00091","105"
"60ad40f89bac61a042766537","500.0","2018","Idaho","ID","S0MO00183","1"
"60ad40f89bac61a042766538","250.0","2020","Tennessee","TN","H0KS01123","1"
"60ad40f89bac61a042766539","2950.0","2016","New Mexico","NM","S0MO00183","2"
"60ad40f89bac61a04276653a","3850.0","2018","Rhode Island","RI","H8KS03155","10"
"60ad40f89bac61a04276653b","50000.0","2020","District Of Columbia","DC","S0MO00183","61"
"60ad40f89bac61a04276653c","15500.0","2016","Nebraska","NE","S0MO00183","21"
"60ad40f89bac61a04276653d","163816.5","2014","Virginia","VA","S0MO00183","164"
"60ad40f89bac61a04276653e","3000.0","2020","Nebraska","NE","S0KS00091","5"
"60ad40f89bac61a04276653f","415700.0","2016","New York","NY","S0MO00183","257"
"60ad40f99bac61a042766540","28496.67","2020","Minnesota","MN","H8KS03155","74"
"60ad40f99bac61a042766541","1500.0","2016","Arkansas","AR","S0KS00091","3"
"60ad40f99bac61a042766542","8200.0","2018","Indiana","IN","S0MO00183","4"
"60ad40f99bac61a042766543","2500.0","2014","Arkansas","AR","S0MO00183","5"
"60ad40f99bac61a042766544","500.0","2018","South Dakota","SD","S0MO00183","1"
"60ad40f99bac61a042766545","13182.0","2020","North Carolina","NC","S0KS00315","82"
"60ad40f99bac61a042766546","57050.0","2020","Virginia","VA","S0KS00091","60"
"60ad40f99bac61a042766547","22427.18","2018","Wyoming","WY","S8MO00160","43"
"60ad40f99bac61a042766548","1965.0","2020","Louisiana","LA","S8MO00160","22"
"60ad40f99bac61a042766549","46633.0","2018","Arkansas","AR","S8MO00160","62"
"60ad40f99bac61a04276654a","500.0","2018","Wyoming","WY","S0KS00091","1"
"60ad40f99bac61a04276654b","30270.0","2020","Texas","TX","S8MO00160","180"
"60ad40f99bac61a04276654c","11481.0","2020","Rhode Island","RI","H8KS03155","31"
"60ad40f99bac61a04276654d","7100.0","2020","Iowa","IA","S0KS00315","7"
"60ad40f99bac61a04276654e","2200.0","2018","New Jersey","NJ","S0MO00183","4"
"60ad40f99bac61a04276654f","1082.0","2016","Vermont","VT","S0MO00183","2"
"60ad40f99bac61a042766550","91025.0","2020","Pennsylvania","PA","S0KS00315","72"
"60ad40f99bac61a042766551","3000.0","2020","Maryland","MD","H0KS02188","3"
"60ad40f99bac61a042766552","4250.0","2014","Massachusetts","MA","S0MO00183","5"
"60ad40f99bac61a042766553","8878.0","2018","New Hampshire","NH","S8MO00160","19"
"60ad40f99bac61a042766554","606222.03","2016","Kansas","KS","S0KS00091","1200"
"60ad40f99bac61a042766555","305576.55","2016","District Of Columbia","DC","S0MO00183","320"
"60ad40f99bac61a042766556","261291.93","2018","Illinois","IL","S8MO00160","286"
"60ad40f99bac61a042766557","100.0","2020","Idaho","ID","S0MO00183","5"
"60ad40f99bac61a042766558","4500.0","2014","North Carolina","NC","S0MO00183","7"
"60ad40f99bac61a042766559","850.0","2020","New Jersey","NJ","S0MO00183","3"
"60ad40f99bac61a04276655a","3500.0","2018","Arizona","AZ","S0MO00183","3"
"60ad40f99bac61a04276655b","15577.27","2018","Arizona","AZ","H8KS03155","19"
"60ad40f99bac61a04276655c","129300.0","2016","Georgia","GA","S0MO00183","118"
"60ad40f99bac61a04276655d","262.5","2020","Armed Forces Europe","AE","S0KS00315","4"
"60ad40f99bac61a04276655e","1250.0","2020","West Virginia","WV","S8MO00160","3"
"60ad40f99bac61a04276655f","400.0","2020","South Dakota","SD","S8MO00160","1"
"60ad40f99bac61a042766560","25272.0","2018","District Of Columbia","DC","S0KS00091","40"
"60ad40f99bac61a042766561","85750.0","2016","Pennsylvania","PA","S0MO00183","82"
"60ad40f99bac61a042766562","10780.5","2018","Utah","UT","H8KS03155","48"
"60ad40f99bac61a042766563","5000.0","2016","U.S. Virgin Islands","VI","S0KS00091","2"
"60ad40f99bac61a042766564","4100.0","2018","Wyoming","WY","H8KS03155","4"
"60ad40f99bac61a042766565","1200.0","2020","Foreign Countries","ZZ","H8KS03155","3"
"60ad40f99bac61a042766566","531896.38","2016","Virginia","VA","S0MO00183","542"
"60ad40f99bac61a042766567","500.0","2020","Wyoming","WY","H0KS01123","1"
"60ad40f99bac61a042766568","18510.0","2018","Iowa","IA","S8MO00160","23"
"60ad40f99bac61a042766569","144950.0","2016","New Jersey","NJ","S0MO00183","107"
"60ad40f99bac61a04276656a","300.0","2020","Mississippi","MS","S0MO00183","1"
"60ad40f99bac61a04276656b","14950.0","2016","Mississippi","MS","S0MO00183","13"
"60ad40f99bac61a04276656c","110200.0","2016","California","CA","S0KS00091","90"
"60ad40f99bac61a04276656d","20000.0","2016","Louisiana","LA","S0MO00183","19"
"60ad40f99bac61a04276656e","12933.0","2014","Georgia","GA","S0MO00183","11"
"60ad40f99bac61a04276656f","14128.34","2020","Georgia","GA","S0MO00183","30"
"60ad40fa9bac61a042766570","4000.0","2018","South Carolina","SC","S0MO00183","4"
"60ad40fa9bac61a042766571","6775.0","2018","Louisiana","LA","H8KS03155","8"
"60ad40fa9bac61a042766572","3600.0","2020","Nebraska","NE","S0KS00315","4"
"60ad40fa9bac61a042766573","2250.0","2020","Idaho","ID","S0KS00315","3"
"60ad40fa9bac61a042766574","50.0","2020","Nevada","NV","S0MO00183","2"
"60ad40fa9bac61a042766575","69733.0","2018","Minnesota","MN","S8MO00160","79"
"60ad40fa9bac61a042766576","7250.0","2016","Iowa","IA","S0MO00183","11"
"60ad40fa9bac61a042766577","7095.7","2020","Georgia","GA","H8KS03155","61"
"60ad40fa9bac61a042766578","2950.0","2020","Iowa","IA","S8MO00160","7"
"60ad40fa9bac61a042766579","9275.0","2020","Utah","UT","H8KS03155","36"
"60ad40fa9bac61a04276657a","1250.0","2018","Arkansas","AR","H8KS03155","2"
"60ad40fa9bac61a04276657b","5625.0","2016","Connecticut","CT","S0KS00091","9"
"60ad40fa9bac61a04276657c","18600.0","2018","Maryland","MD","S0MO00183","22"
"60ad40fa9bac61a04276657d","24150.0","2016","Kentucky","KY","S0MO00183","25"
"60ad40fa9bac61a04276657e","2800.0","2020","Arkansas","AR","H0KS01123","1"
"60ad40fa9bac61a04276657f","6650.0","2014","Indiana","IN","S0MO00183","7"
"60ad40fa9bac61a042766580","2700.0","2018","Puerto Rico","PR","S8MO00160","1"
"60ad40fa9bac61a042766581","235.0","2020","Maine","ME","S8MO00160","7"
"60ad40fa9bac61a042766582","500.0","2016","Montana","MT","S0MO00183","1"
"60ad40fa9bac61a042766583","50250.0","2018","New York","NY","S0MO00183","37"
"60ad40fa9bac61a042766584","500.0","2020","Nebraska","NE","S0MO00183","1"
"60ad40fa9bac61a042766585","5450.0","2020","Maryland","MD","S0KS00091","5"
"60ad40fa9bac61a042766586","416341.69","2016","Texas","TX","S0MO00183","320"
"60ad40fa9bac61a042766587","10050.0","2018","Other","OT","S8MO00160","5"
"60ad40fa9bac61a042766588","33300.0","2016","Indiana","IN","S0MO00183","26"
"60ad40fa9bac61a042766589","161795.5","2020","California","CA","S0KS00315","208"
"60ad40fa9bac61a04276658a","12816.67","2018","Alabama","AL","S8MO00160","37"
"60ad40fa9bac61a04276658b","5650.0","2016","Alabama","AL","S0KS00091","3"
"60ad40fa9bac61a04276658c","28037.22","2018","New Jersey","NJ","H8KS03155","69"
"60ad40fa9bac61a04276658d","27700.0","2018","Florida","FL","S0MO00183","21"
"60ad40fa9bac61a04276658e","6674.5","2020","Georgia","GA","S8MO00160","53"
"60ad40fa9bac61a04276658f","304377.0","2016","Illinois","IL","S0MO00183","273"
"60ad40fa9bac61a042766590","200.0","2020","U.S. Virgin Islands","VI","H8KS03155","4"
"60ad40fa9bac61a042766591","1000.0","2018","Oregon","OR","S0MO00183","1"
"60ad40fa9bac61a042766592","2000.0","2014","Colorado","CO","S0MO00183","4"
"60ad40fa9bac61a042766593","3000.0","2018","Colorado","CO","S0KS00091","3"
"60ad40fa9bac61a042766594","3500.0","2018","Illinois","IL","S0KS00091","4"
"60ad40fa9bac61a042766595","35700.0","2016","Arkansas","AR","S0MO00183","31"
"60ad40fa9bac61a042766596","919344.57","2018","California","CA","H8KS03155","1065"
"60ad40fa9bac61a042766597","48800.0","2016","Arizona","AZ","S0MO00183","33"
"60ad40fa9bac61a042766598","5445.0","2020","Wisconsin","WI","S8MO00160","23"
"60ad40fa9bac61a042766599","3850.0","2020","Oklahoma","OK","S8MO00160","5"
"60ad40fa9bac61a04276659a","3000.0","2014","Wisconsin","WI","S0MO00183","4"
"60ad40fa9bac61a04276659b","5696.5","2020","Michigan","MI","S8MO00160","58"
"60ad40fa9bac61a04276659c","2500.0","2020","Iowa","IA","H8KS03155","1"
"60ad40fa9bac61a04276659d","1011730.36","2014","Missouri","MO","S0MO00183","864"
"60ad40fa9bac61a04276659e","5100.0","2014","Oklahoma","OK","S0MO00183","5"
"60ad40fa9bac61a04276659f","119392.0","2018","Ohio","OH","S8MO00160","180"
"60ad40fa9bac61a0427665a0","18150.0","2020","Maryland","MD","S0MO00183","20"
"60ad40fa9bac61a0427665a1","34150.0","2014","Virginia","VA","S0KS00091","49"
"60ad40fa9bac61a0427665a2","4100.0","2016","Hawaii","HI","S0MO00183","4"
"60ad40fa9bac61a0427665a3","3000.0","2014","Maine","ME","S0MO00183","4"
"60ad40fa9bac61a0427665a4","29945.0","2020","Oklahoma","OK","H8KS03155","62"
"60ad40fa9bac61a0427665a5","6835.11","2020","Ohio","OH","H8KS03155","42"
"60ad40fa9bac61a0427665a6","3050.0","2020","Florida","FL","H0KS01123","2"
"60ad40fa9bac61a0427665a7","5400.0","2018","Michigan","MI","S0KS00091","2"
"60ad40fa9bac61a0427665a8","37940.0","2018","Texas","TX","H8KS03155","62"
"60ad40fa9bac61a0427665a9","3050.0","2014","Minnesota","MN","S0KS00091","3"
"60ad40fa9bac61a0427665aa","65195.81","2018","Connecticut","CT","H8KS03155","113"
"60ad40fa9bac61a0427665ab","10300.0","2018","Washington","WA","S0MO00183","7"
"60ad40fa9bac61a0427665ac","2600.0","2014","Delaware","DE","S0MO00183","1"
"60ad40fa9bac61a0427665ad","18553.0","2020","Arkansas","AR","S0KS00315","33"
"60ad40fa9bac61a0427665ae","1750.0","2016","New Hampshire","NH","S0MO00183","3"
"60ad40fa9bac61a0427665af","30650.0","2016","Tennessee","TN","S0KS00091","18"
"60ad40fa9bac61a0427665b0","41669.0","2018","South Carolina","SC","S8MO00160","66"
"60ad40fa9bac61a0427665b1","5850.0","2014","South Dakota","SD","S0KS00091","9"
"60ad40fa9bac61a0427665b2","500.0","2020","Kentucky","KY","H0KS02188","1"
"60ad40fa9bac61a0427665b3","4000.0","2014","Kentucky","KY","S0MO00183","7"
"60ad40fa9bac61a0427665b4","1750.0","2016","Pennsylvania","PA","S0KS00091","5"
"60ad40fa9bac61a0427665b5","8096.0","2018","Nebraska","NE","H8KS03155","17"
"60ad40fa9bac61a0427665b6","14765.0","2018","Oklahoma","OK","H8KS03155","24"
"60ad40fa9bac61a0427665b7","4000.0","2018","Massachusetts","MA","S0MO00183","3"
"60ad40fb9bac61a0427665b8","2250.0","2016","South Dakota","SD","S0KS00091","4"
"60ad40fb9bac61a0427665b9","73022.67","2018","Kentucky","KY","S8MO00160","62"
"60ad40fb9bac61a0427665ba","250.0","2020","Delaware","DE","H8KS03155","1"
"60ad40fb9bac61a0427665bb","46415.21","2018","Florida","FL","H8KS03155","78"
"60ad40fb9bac61a0427665bc","500.0","2014","Hawaii","HI","S0MO00183","1"
"60ad40fb9bac61a0427665bd","619.41","2018","Hawaii","HI","H8KS03155","7"
"60ad40fb9bac61a0427665be","85304.23","2018","Wisconsin","WI","S8MO00160","130"
"60ad40fb9bac61a0427665bf","2000.0","2014","Tennessee","TN","S0KS00091","1"
"60ad40fb9bac61a0427665c0","415.71","2014","Kansas","KS","H0KS01123","4"
"60ad40fb9bac61a0427665c1","500.0","2018","Wisconsin","WI","S0KS00091","1"
"60ad40fb9bac61a0427665c2","2100.0","2018","New Jersey","NJ","S0KS00091","3"
"60ad40fb9bac61a0427665c3","228442.67","2020","Kansas","KS","S0KS00091","299"
"60ad40fb9bac61a0427665c4","11650.0","2016","New Jersey","NJ","S0KS00091","10"
"60ad40fb9bac61a0427665c5","77165.0","2018","Washington","WA","S8MO00160","113"
"60ad40fb9bac61a0427665c6","105950.0","2014","Illinois","IL","S0MO00183","116"
"60ad40fb9bac61a0427665c7","5100.0","2014","Georgia","GA","S0KS00091","4"
"60ad40fb9bac61a0427665c8","24322.98","2020","Colorado","CO","H8KS03155","88"
"60ad40fb9bac61a0427665c9","16965.0","2020","Arizona","AZ","S0MO00183","14"
"60ad40fb9bac61a0427665ca","17636.6","2020","Texas","TX","S0MO00183","50"
"60ad40fb9bac61a0427665cb","933.34","2020","Delaware","DE","S8MO00160","5"
"60ad40fb9bac61a0427665cc","1500.0","2020","Oklahoma","OK","H0KS01123","3"
"60ad40fb9bac61a0427665cd","7394.18","2020","Tennessee","TN","S8MO00160","22"
"60ad40fb9bac61a0427665ce","250.0","2020","Indiana","IN","S0MO00183","1"
"60ad40fb9bac61a0427665cf","500.0","2016","West Virginia","WV","S0MO00183","1"
"60ad40fb9bac61a0427665d0","2790.0","2018","Tennessee","TN","H8KS03155","26"
"60ad40fb9bac61a0427665d1","55750.0","2016","Nevada","NV","S0MO00183","31"
"60ad40fb9bac61a0427665d2","76986.67","2018","Connecticut","CT","S8MO00160","105"
"60ad40fb9bac61a0427665d3","13770.2","2020","California","CA","H0KS01123","16"
"60ad40fb9bac61a0427665d4","8200.0","2020","Louisiana","LA","H8KS03155","6"
"60ad40fb9bac61a0427665d5","1000.0","2014","North Carolina","NC","S0KS00091","1"
"60ad40fb9bac61a0427665d6","8200.0","2014","Missouri","MO","S0KS00091","9"
"60ad40fb9bac61a0427665d7","11100.0","2020","Ohio","OH","S0MO00183","8"
"60ad40fb9bac61a0427665d8","3750.0","2020","Kentucky","KY","S0KS00315","4"
"60ad40fb9bac61a0427665d9","500.0","2014","Alaska","AK","S0MO00183","1"
"60ad40fb9bac61a0427665da","750.0","2020","Colorado","CO","H0KS01123","4"
"60ad40fb9bac61a0427665db","14000.0","2020","Ohio","OH","S0KS00315","16"
"60ad40fb9bac61a0427665dc","5750.0","2020","Kentucky","KY","H8KS03155","5"
"60ad40fb9bac61a0427665dd","2300.0","2018","Alabama","AL","S0MO00183","4"
"60ad40fb9bac61a0427665de","9646.68","2020","Pennsylvania","PA","S8MO00160","66"
"60ad40fb9bac61a0427665df","14700.0","2016","Massachusetts","MA","S0KS00091","14"
"60ad40fb9bac61a0427665e0","4595.0","2018","Alabama","AL","H8KS03155","19"
"60ad40fb9bac61a0427665e1","8350.0","2018","Hawaii","HI","S8MO00160","16"
"60ad40fb9bac61a0427665e2","71838.52","2016","Virginia","VA","S0KS00091","94"
"60ad40fb9bac61a0427665e3","250.0","2020","Oregon","OR","H0KS01123","1"
"60ad40fb9bac61a0427665e4","9365.0","2020","Washington","WA","S0KS00315","19"
"60ad40fb9bac61a0427665e5","45615.79","2020","Oklahoma","OK","S0KS00315","67"
"60ad40fb9bac61a0427665e6","440492.2","2014","Kansas","KS","S0KS00091","693"
"60ad40fb9bac61a0427665e7","22600.0","2018","California","CA","S0KS00091","13"
"60ad40fb9bac61a0427665e8","16325.0","2018","Utah","UT","S8MO00160","48"
"60ad40fb9bac61a0427665e9","4050.0","2020","South Dakota","SD","S0KS00315","3"
"60ad40fb9bac61a0427665ea","78894.96","2016","Massachusetts","MA","S0MO00183","59"
"60ad40fb9bac61a0427665eb","35925.0","2018","Louisiana","LA","S8MO00160","44"
"60ad40fb9bac61a0427665ec","600.0","2018","Indiana","IN","H8KS03155","3"
"60ad40fb9bac61a0427665ed","3500.0","2014","Idaho","ID","S0MO00183","5"
"60ad40fb9bac61a0427665ee","28415.0","2020","Tennessee","TN","S0KS00315","40"
"60ad40fb9bac61a0427665ef","59633.0","2014","Kansas","KS","S0MO00183","46"
"60ad40fb9bac61a0427665f0","32300.0","2014","Texas","TX","S0MO00183","27"
"60ad40fb9bac61a0427665f1","6330.0","2020","Mississippi","MS","S0KS00315","13"
"60ad40fb9bac61a0427665f2","250.0","2018","Pennsylvania","PA","S0KS00091","1"
"60ad40fb9bac61a0427665f3","339200.0","2016","Florida","FL","S0MO00183","219"
"60ad40fc9bac61a0427665f4","500.0","2018","Utah","UT","S0KS00091","1"
"60ad40fc9bac61a0427665f5","9775.0","2016","Oregon","OR","S0MO00183","8"
"60ad40fc9bac61a0427665f6","6868.0","2020","Michigan","MI","S0MO00183","26"
"60ad40fc9bac61a0427665f7","5550.0","2016","Arizona","AZ","S0KS00091","9"
"60ad40fc9bac61a0427665f8","6650.0","2020","New Mexico","NM","S0KS00315","3"
"60ad40fc9bac61a0427665f9","2955627.23","2016","Missouri","MO","S0MO00183","3981"
"60ad40fc9bac61a0427665fa","3500.0","2018","Tennessee","TN","S0KS00091","2"
"60ad40fc9bac61a0427665fb","50.0","2018","U.S. Virgin Islands","VI","H8KS03155","2"
"60ad40fc9bac61a0427665fc","1000.0","2020","Pennsylvania","PA","H0KS02188","1"
"60ad40fc9bac61a0427665fd","1000.0","2016","Alaska","AK","S0MO00183","1"
"60ad40fc9bac61a0427665fe","1002.5","2020","Idaho","ID","S8MO00160","16"
"60ad40fc9bac61a0427665ff","74821.0","2018","Maryland","MD","S8MO00160","109"
"60ad40fc9bac61a042766600","3000.0","2020","Mississippi","MS","S0KS00091","3"
"60ad40fc9bac61a042766601","19920.0","2020","Oklahoma","OK","S0MO00183","26"
"60ad40fc9bac61a042766602","11700.0","2020","Arkansas","AR","S0MO00183","8"
"60ad40fc9bac61a042766603","10153.0","2020","Nebraska","NE","H8KS03155","29"
"60ad40fc9bac61a042766604","4800.0","2020","Wisconsin","WI","S0MO00183","3"
"60ad40fc9bac61a042766605","1000.0","2020","Delaware","DE","S0MO00183","1"
"60ad40fc9bac61a042766606","7075.0","2016","Michigan","MI","S0KS00091","5"
"60ad40fc9bac61a042766607","2000.0","2020","Massachusetts","MA","S0KS00091","1"
"60ad40fc9bac61a042766608","1750.0","2014","Alabama","AL","S0KS00091","2"
"60ad40fc9bac61a042766609","150475.0","2016","Kansas","KS","S0MO00183","171"
"60ad40fc9bac61a04276660a","750.0","2014","Utah","UT","S0KS00091","2"
"60ad40fc9bac61a04276660b","26200.0","2016","Illinois","IL","S0KS00091","24"
"60ad40fc9bac61a04276660c","14220.0","2020","North Carolina","NC","S0MO00183","37"
"60ad40fc9bac61a04276660d","3150.0","2018","Vermont","VT","S8MO00160","12"
"60ad40fc9bac61a04276660e","7000.0","2018","New York","NY","S0KS00091","5"
"60ad40fc9bac61a04276660f","59850.0","2016","Washington","WA","S0MO00183","31"
"60ad40fc9bac61a042766610","50350.0","2014","New York","NY","S0MO00183","28"
"60ad40fc9bac61a042766611","45927.62","2018","Virginia","VA","H8KS03155","105"
"60ad40fc9bac61a042766612","2700.0","2018","Michigan","MI","S0MO00183","1"
"60ad40fc9bac61a042766613","1000.0","2014","Wyoming","WY","S0MO00183","2"
"60ad40fc9bac61a042766614","20982.5","2020","Arizona","AZ","S0KS00315","60"
"60ad40fc9bac61a042766615","2500.0","2020","Louisiana","LA","S0KS00091","3"
"60ad40fc9bac61a042766616","750.0","2018","Guam","GU","S8MO00160","3"
"60ad40fc9bac61a042766617","3000.0","2014","Connecticut","CT","S0KS00091","3"
"60ad40fc9bac61a042766618","44057.0","2018","Michigan","MI","S8MO00160","126"
"60ad40fc9bac61a042766619","20345.0","2018","Idaho","ID","S8MO00160","31"
"60ad40fc9bac61a04276661a","500.0","2014","Vermont","VT","S0MO00183","1"
"60ad40fc9bac61a04276661b","600641.2","2020","Missouri","MO","S8MO00160","1209"
"60ad40fc9bac61a04276661c","5500.0","2020","Michigan","MI","S0KS00091","4"
"60ad40fc9bac61a04276661d","165973.9","2020","Florida","FL","S0KS00315","250"
"60ad40fc9bac61a04276661e","125225.0","2016","Oklahoma","OK","S0MO00183","96"
"60ad40fc9bac61a04276661f","1000.0","2020","Iowa","IA","S0MO00183","1"
"60ad40fc9bac61a042766620","22800.0","2014","California","CA","S0KS00091","20"
"60ad40fc9bac61a042766621","18950.0","2016","North Carolina","NC","S0MO00183","16"
"60ad40fc9bac61a042766622","244378.18","2018","Virginia","VA","S8MO00160","353"
"60ad40fc9bac61a042766623","2000.0","2014","Rhode Island","RI","S0MO00183","2"
"60ad40fc9bac61a042766624","1000.0","2016","South Carolina","SC","S0KS00091","1"
"60ad40fc9bac61a042766625","69450.0","2014","District Of Columbia","DC","S0MO00183","65"
"60ad40fc9bac61a042766626","28550.0","2014","Ohio","OH","S0MO00183","33"
"60ad40fc9bac61a042766627","5500.0","2014","Nebraska","NE","S0MO00183","8"
"60ad40fc9bac61a042766628","31775.0","2016","Nebraska","NE","S0KS00091","39"
"60ad40fc9bac61a042766629","61182.83","2018","Oklahoma","OK","S8MO00160","82"
"60ad40fc9bac61a04276662a","21794.43","2014","Florida","FL","S0KS00091","16"
"60ad40fc9bac61a04276662b","650.0","2020","Utah","UT","S8MO00160","14"
"60ad40fc9bac61a04276662c","12495.35","2020","Indiana","IN","H8KS03155","23"
"60ad40fc9bac61a04276662d","4000.0","2016","Wyoming","WY","S0MO00183","5"
"60ad40fc9bac61a04276662e","29550.0","2020","Arizona","AZ","S0KS00091","30"
"60ad40fc9bac61a04276662f","550.0","2020","Wisconsin","WI","H0KS02188","2"
"60ad40fd9bac61a042766630","1470.0","2018","Delaware","DE","H8KS03155","33"
"60ad40fd9bac61a042766631","5300.0","2020","Utah","UT","S0KS00091","6"
"60ad40fd9bac61a042766632","117025.0","2016","Connecticut","CT","S0MO00183","80"
"60ad40fd9bac61a042766633","10140.0","2018","Nebraska","NE","S8MO00160","28"
"60ad40fd9bac61a042766634","12250.0","2016","Oklahoma","OK","S0KS00091","14"
"60ad40fd9bac61a042766635","249075.0","2018","Kansas","KS","S0KS00091","281"
"60ad40fd9bac61a042766636","750.0","2016","Maine","ME","S0MO00183","2"
"60ad40fd9bac61a042766637","46300.0","2014","Michigan","MI","S0MO00183","36"
"60ad40fd9bac61a042766638","24810.0","2020","Massachusetts","MA","S0KS00315","13"
"60ad40fd9bac61a042766639","38966.25","2020","Florida","FL","S0MO00183","59"
"60ad40fd9bac61a04276663a","250.0","2016","North Carolina","NC","S0KS00091","1"
"60ad40fd9bac61a04276663b","16940.0","2020","Kansas","KS","S0MO00183","16"
"60ad40fd9bac61a04276663c","65550.0","2016","Minnesota","MN","S0MO00183","56"
"60ad40fd9bac61a04276663d","10240.0","2018","New Mexico","NM","S8MO00160","23"
"60ad40fd9bac61a04276663e","482550.58","2018","California","CA","S8MO00160","882"
"60ad40fd9bac61a04276663f","8000.0","2018","Ohio","OH","S0MO00183","8"
"60ad40fd9bac61a042766640","1000.0","2018","South Carolina","SC","S0KS00091","1"
"60ad40fd9bac61a042766641","105475.0","2016","Michigan","MI","S0MO00183","76"
"60ad40fd9bac61a042766642","1984.29","2020","New Hampshire","NH","H8KS03155","9"
"60ad40fd9bac61a042766643","2700.0","2018","Montana","MT","S0KS00091","7"
"60ad40fd9bac61a042766644","9100.0","2018","Minnesota","MN","S0KS00091","5"
"60ad40fd9bac61a042766645","500.0","2020","Michigan","MI","H0KS01123","1"
"60ad40fd9bac61a042766646","20065.0","2018","West Virginia","WV","S8MO00160","32"
"60ad40fd9bac61a042766647","5402.5","2020","Arizona","AZ","S8MO00160","55"
"60ad40fd9bac61a042766648","603247.1","2018","New York","NY","H8KS03155","678"
"60ad40fd9bac61a042766649","22275.0","2020","New York","NY","S0MO00183","25"
"60ad40fd9bac61a04276664a","2500.0","2020","West Virginia","WV","S0KS00315","1"
"60ad40fd9bac61a04276664b","1000.0","2018","Mississippi","MS","H8KS03155","2"
"60ad40fd9bac61a04276664c","2000.0","2020","Arkansas","AR","H0KS02188","3"
"60ad40fd9bac61a04276664d","3950.0","2016","Washington","WA","S0KS00091","5"
"60ad40fd9bac61a04276664e","2500.0","2018","Pennsylvania","PA","S0MO00183","3"
"60ad40fd9bac61a04276664f","44666.34","2020","Virginia","VA","H8KS03155","169"
"60ad40fd9bac61a042766650","15500.0","2020","Maryland","MD","S8MO00160","35"
"60ad40fd9bac61a042766651","500.0","2020","Nebraska","NE","H0KS02188","1"
"60ad40fd9bac61a042766652","350.0","2016","Maine","ME","S0KS00091","1"
"60ad40fd9bac61a042766653","500.0","2020","Alabama","AL","S0KS00091","1"
"60ad40fd9bac61a042766654","18400.0","2020","Maryland","MD","S0KS00315","29"
"60ad40fd9bac61a042766655","6611.0","2018","West Virginia","WV","H8KS03155","10"
"60ad40fd9bac61a042766656","45765.85","2020","California","CA","S8MO00160","267"
"60ad40fd9bac61a042766657","2925.0","2018","Montana","MT","H8KS03155","7"
"60ad40fd9bac61a042766658","5000.0","2016","South Carolina","SC","S0MO00183","4"
"60ad40fd9bac61a042766659","175905.0","2020","New York","NY","S0KS00315","181"
"60ad40fd9bac61a04276665a","3200.0","2018","Washington","WA","S0KS00091","7"
"60ad40fd9bac61a04276665b","3000.0","2014","Tennessee","TN","S0MO00183","7"
"60ad40fd9bac61a04276665c","475.0","2020","Georgia","GA","H0KS01123","2"
"60ad40fd9bac61a04276665d","1000.0","2020","Delaware","DE","S0KS00315","1"
"60ad40fd9bac61a04276665e","3200.0","2018","Alaska","AK","S8MO00160","18"
"60ad40fd9bac61a04276665f","5600.0","2020","Idaho","ID","H0KS02188","2"
"60ad40fd9bac61a042766660","500.0","2018","Minnesota","MN","S0MO00183","1"
"60ad40fd9bac61a042766661","2500.0","2016","Idaho","ID","S0MO00183","4"
"60ad40fd9bac61a042766662","64578.15","2020","Florida","FL","H8KS03155","124"
"60ad40fd9bac61a042766663","250.0","2020","Hawaii","HI","S8MO00160","1"
"60ad40fd9bac61a042766664","51450.0","2016","Tennessee","TN","S0MO00183","38"
"60ad40fd9bac61a042766665","32242.5","2018","Pennsylvania","PA","H8KS03155","68"
"60ad40fd9bac61a042766666","16000.0","2020","Florida","FL","H0KS02188","9"
"60ad40fd9bac61a042766667","2700.0","2018","Armed Forces Pacific","AP","S8MO00160","1"
"60ad40fd9bac61a042766668","400.0","2020","Montana","MT","S8MO00160","2"
"60ad40fd9bac61a042766669","122165.63","2018","Virginia","VA","S0MO00183","84"
"60ad40fd9bac61a04276666a","22650.0","2018","Texas","TX","S0MO00183","15"
"60ad40fd9bac61a04276666b","3500.0","2014","Louisiana","LA","S0MO00183","4"
"60ad40fe9bac61a04276666c","22478.47","2020","Texas","TX","H8KS03155","65"
"60ad40fe9bac61a04276666d","29225.0","2020","Louisiana","LA","S0KS00315","23"
"60ad40fe9bac61a04276666e","2800.0","2020","Nebraska","NE","H0KS01123","1"
"60ad40fe9bac61a04276666f","4100.0","2014","South Dakota","SD","S0MO00183","4"
"60ad40fe9bac61a042766670","40405.0","2020","Kansas","KS","S8MO00160","42"
"60ad40fe9bac61a042766671","251.0","2020","Illinois","IL","H0KS01123","1"
"60ad40fe9bac61a042766672","124461.18","2018","District Of Columbia","DC","H8KS03155","298"
"60ad40fe9bac61a042766673","1500.0","2014","Washington","WA","S0KS00091","3"
"60ad40fe9bac61a042766674","2864.15","2014","Massachusetts","MA","S0KS00091","4"
"60ad40fe9bac61a042766675","3500.0","2020","Mississippi","MS","H8KS03155","4"
"60ad40fe9bac61a042766676","6400.0","2018","Connecticut","CT","S0MO00183","3"
"60ad40fe9bac61a042766677","250.0","2016","Oregon","OR","S0KS00091","1"
"60ad40fe9bac61a042766678","14366.66","2018","Minnesota","MN","H8KS03155","39"
"60ad40fe9bac61a042766679","3800.0","2020","Connecticut","CT","H0KS02188","2"
"60ad40fe9bac61a04276667a","49200.0","2020","Missouri","MO","H0KS01123","47"
"60ad40fe9bac61a04276667b","12660.0","2018","Georgia","GA","S0MO00183","11"
"60ad40fe9bac61a04276667c","1000.0","2020","Indiana","IN","H0KS02188","1"
"60ad40fe9bac61a04276667d","7440.0","2020","Washington","WA","S8MO00160","40"
"60ad40fe9bac61a04276667e","11700.0","2020","Wyoming","WY","H8KS03155","6"
"60ad40fe9bac61a04276667f","2595.0","2018","Idaho","ID","H8KS03155","12"
